location,person,brief
京城,唐玄宗,唐玄宗颁布制命：“要选拔那些有才能见识的京官担任都督、刺史，选择政绩显著的都督、刺史担任京官，使官员的外放和入朝任职保持均衡，并永远以此为常规。”
京城,唐玄宗,唐玄宗任命卢怀慎为检校黄门监。
京城,唐玄宗,唐玄宗下诏另设左右教坊来专门教授俗乐，并任命右骁卫将军范及为主管官。此外，唐玄宗还挑选了数百名乐工，亲自在梨园教他们演奏法曲，这些人在当时被称为“皇帝梨园弟子”。唐玄宗还教宫中的人学习法曲。唐玄宗又挑选了一些歌伎和舞女，安置在宜春院，由官府各赐给她们家中财物。
京城,张廷珪、袁楚客,张廷珪、袁楚客二人都为此而上疏，认为：“陛下年纪轻轻，应当尊崇经学儒术，亲近方正之士，崇尚朴素。臣以为陛下应当以喜欢靡靡之音、好巡游狩猎为戒。”唐玄宗虽然未能采纳他们的建议，但为了广开言路，都嘉奖了他们。
唐,唐中宗,自唐中宗即位以来，皇亲国戚竞相营建佛寺，奏请度人出家为和尚，其中有不少弄虚作假的；富裕人家的子弟以及身强力壮的男子纷纷削发为僧以逃避徭役，这种人简直到处都是。姚崇向唐玄宗建议道：“佛图澄未能使后赵国运长久，鸠摩罗什也无法使后秦免于覆亡，齐襄帝、梁武帝同样未能免于国破家亡。只要陛下能够使百姓安居乐业，就是有福之身，哪里用得着剃度奸诈之徒为僧，让他们败坏佛法呢！”唐玄宗采纳了他的建议。丙寅（疑误），唐玄宗命令有关部门筛选淘汰全国的和尚尼姑，因弄虚作假被勒令还俗的僧尼共计一万二千余人。
柳城,赵文翙,当初营州都督治所设在柳城，以镇抚奚和契丹，武则天时期，营州都督赵文翙执行政策失当，柳城被奚、契丹攻陷，此后营州治所就寄居在幽州东部的渔阳城。当地有人传说：“靺鞨、奚、霫等部落很想归降大唐，只是由于大唐不在柳城设立营州，所以无所依附投靠，再加上被突厥可汗默啜侵扰，故而暂时依附突厥；假如大唐又在柳城设立营州，那么这些部落就会一个接一个地前来归附。”并州长史兼和戎、大武等军州节度大使薛讷听信了这种传闻，上奏请求进攻契丹，重建营州；唐玄宗也因唐军在冷陉一役中大败的缘故而一直想出兵讨伐契丹。姚崇等大臣们纷纷谏阻。甲申（二十五日），唐玄宗任命薛讷为同紫微黄门三品，率兵攻讨契丹，群臣于是不敢再向玄宗谏阻这件事。
唐,王仙童,薛王李业的舅父王仙童侵夺欺凌百姓，被御史上奏弹劾；李业为他求情，唐玄宗于是让紫微、黄门复审此案。姚崇、卢怀慎等人奏称道：“王仙童的罪状清楚明白，御史对他的弹劾也并无冤枉之处，不能对他放纵宽宥。”唐玄宗同意了他们的意见。从此皇亲国戚们收敛了一些。
北庭都护府,郭虔瓘,突厥可汗默啜派他的儿子同俄特勒、妹夫火拔颉利发、石阿失毕率兵围攻北庭都护府，都护郭虔瓘将突厥兵击败。同俄特勒单枪匹马逼近城下，被郭虔瓘事先埋伏在路旁的勇士跃起斩首。突厥人请求用军中的所有物资换回同俄特勒，后得知他已被杀死，恸哭而去。
朔方,王晙,唐玄宗任命鸿胪寺少卿、朔方军副大总管王晙兼任安北大都护、朔方道行军大总管，命令丰安、定远、三受降城以及周围各军统归王晙指挥调度，并且将安北大都护府迁到中受降城，在那里驻扎军队，实行屯田。
益州,陆象先,唐玄宗下诏恢复设置十道按察使，派益州长史陆象先等人充任按察使。
唐朝,申王李成义,申王李成义请求唐玄宗同意将自己的王府录事阎楚珪任命为王府参军，唐玄宗表示同意。姚崇和卢怀慎向玄宗进谏道：“臣等在此之前曾得到陛下的旨意，说凡王公、驸马有所奏请，如果没有陛下亲笔书写的墨敕，均不能生效。臣认为根据才能授予官职，是有关部门的职权；倘若由于有亲朋故旧的恩情，就可以以朝廷的官爵相赠，那就是继承中宗皇帝的弊政，这样做实际会紊乱朝廷的法度。”于是这件事便搁置下来。从此请托之风不再流行。
唐朝,石阿失毕,突厥石阿失毕因损折了可汗之子同俄特勒，不敢回到突厥；癸未（二十五日），石阿失毕携其妻子投奔唐朝，被唐玄宗任命为右卫大将军，封燕北郡王，其妻被册封为金山公主。
唐朝,刘幽求,有人告发太子少保刘幽求、太子詹事钟绍京有不满言论，玄宗下令将此二人交由紫微省审讯，刘幽求等人表示不服。姚崇、卢怀慎、薛讷对玄宗进谏道：“刘幽求等人都是功臣，现在突然担任没有实权的闲职，心中稍微有点沮丧，这也是人之常情。他们立下的功勋既大，获得的恩宠也深，一旦因一点小事就被逮捕下狱，恐怕会使天下人感到震惊。”戊子（疑误），唐玄宗将刘幽求贬为睦州刺史，将钟绍京贬为果州刺史。奉旨巡视边防部队尚未回朝的紫微侍郎王琚，也因是刘幽求的同党而获罪，被贬为泽州刺史。
涪州,周利贞,唐玄宗颁下敕命，削夺周利贞等十三人的官爵，将他们放归民间，终身不予录用。
碛西,阿史那献,阿史那献攻克碎叶等镇，活捉都担并将其斩首，招降了他的部落共二万余帐。
青州,韦安石,姜晦认为韦安石等人篡改中宗皇帝的遗诏，指使监察御史郭震上疏弹劾他们。唐玄宗将韦安石贬为沔州别驾。
沔州,韦安石,韦安石抵达沔州后，姜晦又向玄宗上奏说韦安石曾在督察中宗定陵的建造时盗窃隐藏官府财物，并且发文书到沔州向韦安石要赃物。韦安石感叹道：“这只不过是想要我死罢了。”终于愤愤而死。
长安,唐玄宗,唐玄宗下令捣毁天枢，并调工匠熔化天枢上的铜铁，历时一月之久仍未熔完。此前韦后为歌颂自己的功德也在西京长安朱雀街上建造了一个高达数丈的石台，这次也被唐玄宗下令一起捣毁。
突厥,默啜,突厥可汗默啜派遣使者入朝求婚，自称为“乾和永清太驸马、天上得果报天男、突厥圣天骨咄禄可汗”
唐朝,唐玄宗,由于粮食歉收，唐玄宗下诏罢除所有员外官、试官、检校官，并规定以后这三种官，除非是立有战功或者是由皇帝降下别敕特行录用，吏部和兵部一律不得注拟
河源,解琬,吐蕃宰相坌达延要求朝廷先派解琬到河源划定两国的边界，然后两国再订立盟约。解琬曾经担任朔方大总管，所以吐蕃特意要求朝廷派他前往。由于在这之前解琬已经以金紫光禄大夫之职退休，所以唐玄宗又将他召入朝中，任命他为左散骑常侍并派他前往河源
秦、渭等州,解琬,解琬对唐玄宗进言，认为：吐蕃一定心怀鬼胎，准备反叛，请玄宗预先在秦、渭等州屯兵十万以防意外事变的发生
东都洛阳,魏知古,魏知古本是小吏出身，凭借着姚崇的引荐，才与姚崇同朝为相。姚崇内心里有些轻视他，所以让他代理吏部尚书职务，负责主持东都洛阳的官吏铨选之事，另派吏部尚书宋璟在门下省负责审定吏部、兵部注拟的六品以下职事官。魏知古因此对姚崇十分不满。
东都洛阳,姚崇的两个儿子,姚崇的两个儿子在分设于东都洛阳的中央官署任职，倚仗其父对魏知古有恩，大肆揽权，为他人私下向魏知古求官。
长安,魏知古,魏知古回到长安后，把这些事全都告诉了玄宗皇帝。
长安,唐玄宗,过了几天，玄宗漫不经心地向姚崇问道：“您的儿子才干品性怎么样？现在担任什么官职啊？”
长安,魏知古,辛亥（二十五日），魏知古被免去相职，改任工部尚书。
京城近郊,唐玄宗,诸王每天早上在侧门朝见天子，退下后便聚在一起进膳饮酒、斗鸡、击毬；或者是到京城近郊去狩猎，或者是到别墅里观赏游玩，奉命前去问候的宦官络绎不绝。
宫中,唐玄宗,唐玄宗在每天临朝听政之后，经常与诸王在一起游乐，兄弟们在宫中相处时，彼此跪拜都依照家人的礼节，饮食起居也无分别。
岐州,宋王李成器,六月，丁巳（初二），唐玄宗任命宋王李成器兼任岐州刺史，要他们到任之后只管重要事条，其他的行政事务都委托长史、司马负责处理。
豳州,申王李成义,六月，丁巳（初二），唐玄宗任命申王李成义兼任豳州刺史，要他们到任之后只管重要事条，其他的行政事务都委托长史、司马负责处理。
虢州,豳王李守礼,六月，丁巳（初二），唐玄宗任命豳王李守礼兼任虢州刺史，要他们到任之后只管重要事条，其他的行政事务都委托长史、司马负责处理。
吐蕃,尚钦藏,吐蕃赞普派遣宰相尚钦藏入朝进献两国的盟书
唐,唐玄宗,唐玄宗颁布制命，严格限制奢侈，下令撤消了设于东西两京的织锦坊
檀州,薛讷、杜宾客、崔宣道,薛讷与左监门卫将军杜宾客、定州刺史崔宣道等人率领六万人马自檀州出击契丹
滦河,薛讷、杜宾客、崔宣道,唐军在滦河流经的峡谷遭到契丹伏兵的前后堵截，大败
幽州,薛讷、崔宣道、李思敬,薛讷将此次失败的责任推到崔宣道和胡将李思敬等八人的身上，唐玄宗下令将这八个人全部斩首于幽州
凉州,郭虔瓘,唐玄宗任命北庭都护郭虔瓘为凉州刺史、河西诸军州节度使
果州,钟绍京,果州刺史钟绍京对朝廷心怀不满，屡次上疏玄宗妄谈吉凶
溱州,钟绍京,唐玄宗将钟绍京贬为溱州刺史
房州,襄王李重茂,房州刺史襄王李重茂去世，唐玄宗为此而停止朝会三天，并追封谥号为殇皇帝
兴庆坊,宋王李成器等人,宋王李成器等人请求将兴庆坊的宅第贡献出来作为供皇帝用的离宫
兴庆宫,唐玄宗,唐玄宗发布制命，接受了他们的请求，同时开始了兴庆宫的修建工程，并将环绕兴庆宫的宅第分别赐予李成器等人
绛州,"唐玄宗,岐王李范",唐玄宗任命岐王李范兼任绛州刺史
同州,"唐玄宗,薛王李业",唐玄宗任命薛王李业兼任同州刺史
崇明门,唐玄宗,唐玄宗下令有关部门在崇明门准备好车辆和牛马，然后亲自从后宫中选出多余的宫女，让他们坐车回家
临洮,"吐蕃将领坌达延,乞力徐",吐蕃将领坌达延、乞力徐率领十万人马进犯临洮
兰州,吐蕃军队,敌军大队人马驻扎在兰州
渭源,吐蕃军队,吐蕃军队进入渭源地区掠取牧马
陇右,"唐玄宗,薛讷,郭知运,王晙",唐玄宗命令薛讷以布衣之身代理左羽林将军职务，出任陇右防御使，任命右骁卫将军、常乐县人郭知运为陇右防御副使，与太仆寺少卿王晙一起率军迎击吐蕃军队
河陇,"唐玄宗,薛讷",唐玄宗下令大量招募勇士，并派他们前往河、陇地区接受薛讷的训练
河西九曲,"唐鄯州都督杨矩,唐睿宗,吐蕃",唐鄯州都督杨矩，怂勇唐睿宗同意将河西九曲之地送给吐蕃作金城公主的汤沐邑
骊山温泉,唐玄宗,九月，戊申（二十四日），唐玄宗来到骊山温泉。
江、岭、淮、浙、剑南,唐玄宗,鉴于这一年粮食丰收，为防止谷贱伤农，唐玄宗发布敕命，让地方各州重立常平仓法；惟独江、岭、淮、浙、剑南等地因地势低洼潮湿，不利于粮食的储藏，不在此例。
凉州,葛逻禄等部落,突厥可汗默啜衰老，更加昏聩残暴。壬子（二十八日），葛逻禄等部落到凉州投降大唐。
渭源,吐蕃军队,冬季，十月，吐蕃军队再次进犯渭源。丙辰（初二），唐玄宗下诏表示要亲自率兵前去征讨，并调集军士十余万人，战马四万匹。
宫中,唐玄宗,戊午（初四），唐玄宗回到宫中。
武街,薛讷、王晙,甲子（初十），薛讷与吐蕃军队在武街作战，取得了巨大的胜利。当时太仆少卿、陇右群牧使王晙率领属下二千人马与薛讷合击吐蕃军队。坌达延率十万吐蕃兵驻扎在大来谷。王晙选拔了七百名勇士，身着胡人的服装，夜间袭击吐蕃军队，又在这七百人后面五里远的地方安排了很多战鼓和号角。先锋部队与敌军相遇后即大声呼喊，后面的人击鼓吹角与之呼应，吐蕃兵误以为唐军大部队袭来，惊慌失措，以至于自相残杀，死的人以万计算。薛讷的部队这时还驻扎在距大谷二十里的武街，在这两地之间挤满了溃败的吐蕃兵。王晙又一次率军乘夜出击，吐蕃兵一败涂地，王晙这才得以与薛讷的部队会师。唐军乘胜追击溃败的吐蕃兵，一直追到洮水，两军又在长城堡展开激战，吐蕃军队再次大败，先后被杀被俘的达数万人之多。在这次战役中，丰安军使王海宾阵亡。
黄河,姚崇、卢怀慎,上奏唐玄宗，建议拆毁吐蕃在黄河上的桥梁和城池
宫中,王忠嗣,唐玄宗任命王忠嗣为朝散大夫、尚辇奉御，并下令将他接到宫中抚养
大唐,默啜,突厥可汗默啜派遣使者入朝，请求与大唐通婚
北庭都护府,胡禄屋等部落,突厥十姓胡禄屋等部落来到北庭都护府请求归降
吐蕃,尉迟瓌,唐玄宗派遣左骁卫郎将尉迟瓌出使吐蕃，慰问金城公主
洮水,宗俄因矛,吐蕃派遣大臣宗俄因矛到洮水请求和解
北庭都护府,"唐玄宗,解琬,突厥胡禄屋",唐玄宗派左散骑常侍解琬前往北庭都护府安抚归降的突厥胡禄屋等部落，允许他遇事因利乘便，自行决断处置。
陇右,"唐玄宗,郭知运",唐玄宗下令设置陇右节度大使，管辖鄯、秦、河、渭、兰、临、武、洮、岷、廓、叠、宕十二州，任命陇右防御副使郭知运为陇右节度大使。
幽州,唐玄宗,唐玄宗在这一年设置了幽州节度、经略镇守大使，管辖幽、易、平、檀、妫、燕六州。
突厥,"突骑施可汗守忠,遮弩,默啜",突骑施可汗守忠的弟弟遮弩对于自己所分得的部落少于其兄极为不满，于是背叛守忠，逃入突厥，并请求作突厥兵的响导，以讨伐守忠。突厥可汗默啜派二万人马进攻守忠，将他俘获之后带到突厥。默啜对遮弩说：“你背叛了你的兄长，对我还有什么用处呢！”于是将这兄弟二人一起杀死。
唐朝,唐玄宗,唐玄宗任命卢怀慎为检校吏部尚书兼黄门监
唐朝,卢怀慎,卢怀慎为官清廉谨慎，生活节俭朴素，从不谋求资财产业
唐朝,姚崇,姚崇曾有一次为儿子办丧事请了十几天的假，从而使得应当处理的政务堆积成山
唐朝,卢怀慎,卢怀慎无法决断，感到十分惶恐，入朝向玄宗谢罪
唐朝,姚崇,姚崇假满复出之后，只用了一会儿功夫便将未决之事处理完毕
唐朝,卢怀慎,卢怀慎与姚崇同时担任宰相，自认为才能不及姚崇，所以每遇到一件事，都要请姚崇处理
齐国,鲍叔牙,鲍叔牙对于管仲，郑国的子皮对于子产，都是前者职位在后者之上，因为了解后者的贤能而甘居其下，将治理国家的大权交给他们，这种做法受到了孔子的赞赏。
汉朝,曹参,曹参自认为才能不及萧何，因而完全奉行萧何制定的法度，不加任何修改，汉家的功业即因此而得以成就。
唐朝,姚崇,姚崇是唐朝的贤相，卢怀慎与他齐心协力，以成就唐明皇太平盛世的基业，对他有什么可以责备的呢！
睦州,宋璟,御史大夫宋璟因在朝堂上监督杖刑时处刑轻于罪人应得之刑，被唐玄宗贬为睦州刺史。
大唐,突厥十姓,突厥十姓中先后归降大唐的达一万余帐。高丽族的莫离支文简是突厥十姓的女婿，二月，也与𨁂跌都督思泰等人率众从突厥前来归降。唐玄宗下令用黄河以南的区域来安置所有前来归降的突厥部众。
凉州,唐玄宗,唐玄宗任命右羽林大将军薛讷为凉州镇大总管，驻凉州，赤水等军都受他指挥调度
并州,唐玄宗,唐玄宗任命左卫大将军郭虔瓘为朔州镇大总管，驻并州，和戎等军都受他调度指挥，负责领兵防备突厥可汗默啜的进犯
山东,姚崇,山东出现特大蝗虫灾害，姚崇奏请派遣御史督促各州县捕杀埋葬蝗虫
,,秋季，七月，庚辰朔（初一），出现日食。
宫中,"唐玄宗,卢怀慎,马怀素,褚无量",唐玄宗对宰相们说：“每当朕读书遇到疑难问题的时候，都找不到一个可以请教的人；你们可以挑选儒学之士，每天入宫侍读。”卢怀慎推荐了太常寺卿马怀素。九月戊寅（疑误），玄宗任命马怀素为左散骑常侍，让他与右散骑常侍褚无量每人一天地轮流入宫侍读。每次他们到宫门，玄宗都让人用肩舆将他们抬进宫内；有时因为在别馆道远，就允许他们在宫中骑马。玄宗还亲自迎送，用对待师傅的礼节侍奉他们。由于褚无量年老体衰，玄宗特意让人为他做了一顶腰舆，褚无量在内殿时，玄宗就让内侍们用腰舆抬着他走。
,"九姓思结都督磨散,唐玄宗",九姓思结都督磨散等人前来归降，己未（疑误），唐玄宗全部委以官职，将他们遣还。
边界,"唐玄宗,李玄道",西南诸蛮进犯边界，唐玄宗派右骁卫将军李玄道调集戎、泸、夔、巴、梁、凤等州兵马三万人，会同边地原有驻屯兵马前往征讨。
朔方道,"唐玄宗,薛讷,吕延祚,杜宾客",壬戌（疑误），唐玄宗任命凉州大总管薛讷为朔方道行军大总管，任命太仆寺卿吕延祚和灵州刺史杜宾客为朔方道行军副总管，率兵征讨突厥。
"岐州县境内的凤泉汤,京师",唐玄宗,甲子（疑误），唐玄宗来到岐州县境内的凤泉汤；十一月乙卯（疑误），玄宗回到京师。
"杭州,郴州",刘幽求,刘幽求自杭州刺史改任郴州刺史，心中愤愤不平。甲申（初六），刘幽求在赴任的路上去世。
安西,郭虔瓘,唐玄宗任命左羽林大将军郭虔瓘兼任安西大都护、安西四镇经略大使。郭虔瓘请求自行招募关中士卒一万人到安西讨击胡人，并且要求由官府负责向这些人提供运输工具和做好的干粮。唐玄宗批准了他的请求。
关中,韦凑,将作大匠韦凑上疏认为关中地区的军事防务应该大大加强。自近年西北两大敌人侵犯边境以来，关中各地壮丁，几乎被征发殆尽，怎么能够再次招募骁勇之士派遣到那么边远的地方去呢！
廓州,张孝嵩,监察御史张孝嵩奉命出使廓州，回朝之后力陈大漠以西地区的利害，请求再次前往该地考察军事情势；唐玄宗同意了他的请求，并允许他相机行事，不必等待上奏。
拔汗那国,阿了达,吐蕃与大食共立阿了达为拔汗那王，调集军队进攻拔汗那，原来的拔汗那王兵败之后，奔往唐安西都护府求救。
龟兹镇,张孝嵩,张孝嵩率领附近各戎族部落兵马一万余人，出龟兹镇向西挺进数千里，攻占了数百座城池，长驱直入敌境。
连城,张孝嵩,在这个月，张孝嵩率部在连城进攻阿了达。
凉州,张孝嵩,这时恰好有人控告张孝嵩贪污，张孝嵩因此被关进凉州的监狱。
灵州,张孝嵩,后来，张孝嵩又被贬为灵州兵曹参军。
京兆尹,崔日知,京兆尹崔日知贪婪残暴，不守法度，御史大夫李杰准备检举他的恶行，崔日知却反诬李杰有罪。
歙县,崔日知,唐玄宗马上下令李杰照常处理政务，并且将崔日知贬为歙县县丞。
冀州,韦玢,韦玢被唐玄宗任命为冀州刺史
西方,苏禄,苏禄聚集余众，自己作了酋长，并占据了西方的大片土地
朝堂,"长孙昕, 杨仙玉, 李杰, 唐玄宗",长孙昕和杨仙玉在小巷里等候李杰将他痛打了一顿。唐玄宗听了勃然大怒，下令在朝堂将长孙昕和杨仙玉用刑杖活活打死，以向文武臣僚谢罪。
陇右,"郭虔瓘, 石良才, 卢怀慎, 唐玄宗",陇右节度使郭虔瓘上奏，以石良才等八个奴仆均立有战功为由，请玄宗任命他们为游击将军。任命这些人为官的敕令下达后，卢怀慎等人奏道：“郭虔瓘依仗自己的尺寸之功，动辄亵渎常法，居然要为奴仆请授五品之职，这实际上是拢乱朝廷纲纪。陛下不应答应这种要求。”唐玄宗采纳了卢怀慎等人的建议。
河东、关内、陇右,"唐玄宗, 鄫王李嗣真, 张知运",唐玄宗任命鄫王李嗣真为安北大都护和安抚河东、关内、陇右诸蕃大使，任命安北大都护张知运作他的副职。
河西四镇,"唐玄宗, 陕王李嗣升, 郭虔瓘",唐玄宗任命陕王李嗣升为安西大都护、安抚河西四镇诸蕃大使，任命安西都护郭虔瓘作他的副职。
骊山温泉,唐玄宗,二月，丙辰（初九），唐玄宗来到骊山温泉。
松州,吐蕃军队,吐蕃军队包围了松州。
宫中,唐玄宗,丁卯（二十日），唐玄宗回到宫中。
汴州,唐玄宗,辛未（二十四日），唐玄宗任命尚书右丞倪若水为汴州刺史兼河南采访使。
大梁,倪若水,扬州采访使班景倩入朝任大理寺少卿，途中经过大梁，倪若水为他饯行，分手后站在原地遥望他的车马所扬起的尘土，许久之后才返回衙门，并对他属下的官员们说：“班生此次入朝为官，真是无异于登仙哪！”
松州,孙仁献,松州都督孙仁献向包围该城的吐蕃军队发动了一次出其不意的进攻，取得了重大的胜利。
江南,唐玄宗,唐玄宗曾派遣宦官到江南捕捉鵁鶄、鸂鶒等水鸟，准备在禁苑中放养。
汴州,倪若水,在他们路过汴州时，倪若水进言道：“眼下正是农忙时节，陛下为满足园林赏玩的需要，不惜派人到处网罗捕捉飞禽。远自长江、五岭捉来，再由水陆两路传送到京，路上还要用最好的食物饲养它们。道路上的人们看到，岂不认为陛下把人看得轻贱把鸟看到贵重吗！陛下应当把凤凰当作普通的飞禽，把麒麟当作普通的走兽，何况是鵁鶄、鸂鶒这样的水鸟，又有什么可珍贵的呢！”唐玄宗亲手书写敕书向倪若水致谢，赏赐了他绢帛四十段，并下令将捉来的鸟全部放掉。
山东,姚崇,山东的蝗灾又起，姚崇又下令各州组织人力捕杀蝗虫。倪若水说：“蝗虫是上天降下的灾祸，并非人力可以扭转的，朝廷应当通过修德行善来消除蝗灾。十六国时期前赵的刘聪就常捕杀埋掉蝗虫，但蝗虫所造成的灾害却反而更为严重。”于是抵制前去督促捕蝗的御史，不服从他的命令。姚崇写信给他说：“刘聪乃僭越称帝，因此德不胜邪；当今乃圣朝明君，所以邪不胜德。自古郡守贤良，蝗虫不入其境。倘若修德可以免除蝗灾，岂不等于说蝗灾是因为无德而招致的吗！”倪若水这才不敢坚持违抗捕杀蝗虫的命令。夏季，五月，甲辰（二十九日），唐玄宗颁布敕命，委派使者分赴山东受灾各州仔细考察地方官捕杀蝗虫的情况，并将勤勉者和懒惰者的姓名记录下来回奏。也正是因为这样，连年发生的蝗灾才没有引起严重的饥荒。
宣政殿,唐玄宗,唐玄宗召集所有的县令到宣政殿殿庭上，以如何治民为题命他们各作策文一篇。其中只有鄄城县令韦济词理最佳，玄宗特意将他提升为醴泉县令。其余有二百多人没有达到要求，暂且让他们上任；又有四五十个人被放回家中继续学习。吏部侍郎卢从愿被降职为豫州刺史，李朝隐被降职为滑州刺史。卢从愿共主持选官事务达六年之久，与李朝隐都是公认的称职官员。当初在高宗朝，马载和裴行俭二人在吏部最有名，人们都说吏部前有马、裴，后有卢、李。韦济是韦嗣立的儿子。
海南,唐玄宗,有个胡人进言，说海南盛产珠翠奇宝，可以派人前去采购，并且趁机大讲对外贸易的利益；还建议去师子国寻访灵丹妙药和精于医术的女子带回宫中。唐玄宗命令监察御史杨范臣跟着这位胡人一起前去访求。杨范臣不慌不忙地向玄宗奏道：“陛下前年焚毁了珠宝玉器和锦绣织物，表示再也不用这些东西。现在陛下想要的东西与前年焚毁的东西有什么区别呢！那海上贸易与商贾之人争利，恐怕与帝王的规矩不符。再说胡药的药性，我们中国人多无法了解；况且胡人的女子，哪里适合安排在皇宫之内呢！作为监察御史，乃是天子的耳目，如果真是军国大事所需，即使是赴汤蹈火，臣万死不辞。但这只是胡人扰乱视听的阿谀奉承之言，对陛下的圣德没有丝毫益处，臣担心这并非出自陛下的本意，还望陛下仔细斟酌。”唐玄宗急忙承认了自己的错误，对杨范臣好言慰问，并取消了这一命令。
百福殿,唐睿宗,六月，癸亥（十九日），太上皇唐睿宗在百福殿驾崩。
朝中,唐玄宗,己巳（二十五日），唐玄宗将自己的女儿万安公主度为女道士，以便为太上皇祈求冥福。
独乐水,默啜,癸酉（二十九日），拔曳固部落将突厥可汗默啜斩首，并入朝来献默啜的首级。当时默啜率兵攻打北部的拔曳固部落，在独乐水将拔曳固的部众击溃，恃胜撤军，途中未加防范，在柳林遇到突然出现的拔曳固溃兵颉质略，被颉质略斩首。
柳林,默啜,默啜恃胜撤军，途中未加防范，在柳林遇到突然出现的拔曳固溃兵颉质略，被颉质略斩首。
朝中,郝灵荃,这时大武军小将郝灵荃正好奉命出使突厥，颉质略便将默啜的首级交给他，两人一起到朝中，朝廷将默啜的首级悬挂在大街上示众。
大武军以北地区,唐玄宗,拔曳固、回纥、同罗、霫、仆固五个部族都归降唐朝，玄宗将他们统统安置在大武军以北地区。
突厥,阙特勒,默啜的儿子小可汗继立，默啜之兄骨咄禄的儿子阙特勒将其击杀，默啜的其他儿子和亲信也被诛戮殆尽。阙特勒将其兄左贤王默棘连立为可汗，这就是毗伽可汗，国人都称他为“小杀”，毗伽坚决要把可汗的位置让给阙特勒，阙特勒没有接受，毗伽可汗便任命阙特勒为左贤王，专门统领突厥的军队。
太庙,陈贞节、苏献、唐中宗、唐玄宗、昭成皇后、睿宗、肃明皇后,陈贞节和苏献请求将唐中宗的神主迁到另外的庙里去，奉睿宗皇帝的神主进入太庙，唐玄宗表示同意。又请求将玄宗生母昭成皇后的神主迁入太庙中睿宗的殿里受祭，而将睿宗的嫡妻肃明皇后的神主仍然留在仪坤庙受祀。在太庙西面设立了中宗庙。
松漠郡、饶乐郡,李失活、李大酺、唐玄宗、薛泰,契丹族首领李失活和奚族首领李大酺各率部下归顺唐朝。唐玄宗颁布制命，封李失活为松漠郡王、行左金吾大将军兼松漠都督，任命他手下的八个部落酋长为刺史，又派将军薛泰督率军队安抚这一地区。李大酺同时受封为饶乐郡王、行右金吾大将军兼饶乐都督。
突厥,默啜、苏禄、毗伽可汗、暾欲谷,突厥可汗默啜被杀之后，奚、契丹、拔曳固等部落纷纷归附唐朝，突骑施酋长苏禄又自立为可汗。由于突厥各部落已四分五裂，毗伽可汗很是忧虑，便找来默啜可汗在位时的牙官暾欲谷，用为谋主。暾欲谷已年逾七旬，足智多谋，为突厥人所信服。被安置在河曲之地的突厥降户，听说毗伽可汗自立以后，大多又背叛朝廷，归附毗伽可汗。
并州,王晙,并州长史王晙进言道：“这些胡人只不过是由于他们的国家丧乱才一个接一个地归降朝廷，一旦他们国内趋于安定，必将再次叛离。由于这些人凶暴狡诈，所以如果将他们安置在河曲一带，必然难以控制，他们往往不服从当地军、州等地方官府的约束，动辄举兵杀掠百姓。现在听说很多逃走的胡人与敌人频繁往来，通风报信。这等于是畜养这些胡人让他们充当间谍，时间越久，奸邪狡诈的行为会越多，万一他们窥探到边疆防务的疏漏而有所图谋，必然会带来极大的祸患。等到突厥军队南犯之时，这些人必定会成为内应，前来逼迫军州，使之内外受敌，那时就算有韩信、彭越这样的名将，也万难取胜。希望陛下能在秋冬之交，大规模集结军队，向这些人晓以利害，供给他们一些钱财和口粮，将他们迁往内地。这样的话，经过二十年以后，他们旧有的习俗风尚就会逐渐改变，并且可以变成战斗力很强的军队；虽然需要暂时付出一些辛劳，却可以换来长期的安宁。近来一些戍边将吏以及奉命出使的官员所说的大多是阿谀奉承之辞，并不符合事实，他们有的说北部胡人部落破灭殆尽，有的声称归降的人户稳定、守法，都不过是想要吹嘘自己的功劳，并非出于尽忠为国。希望陛下明察这些花言巧语，不要忘记长远的考虑。或许有些人一定会说：‘朝廷在贞观年间就曾经将归降的胡人安置在河曲之地，并且都相安无事，现在对这种作法又有什么可怀疑的呢！’事情虽然与贞观时期相同，但具体的形势却早已发生了变化，陛下对此不可不多加考虑。贞观时期颉利可汗灭亡之后，归降的胡人便不再有异心，因而局势得以长期稳定，没有非常之变发生。现在北方毗伽可汗尚存，在这些归降的胡人中间，有人害怕他的威势，有人不忘他的恩惠，有人是他的亲属，他们怎么会心甘情愿地归降朝廷呢！所以现在的形势与太宗贞观时期根本不一样。依臣愚见，将他们迁徙到内地去，乃是上策；在河曲多驻军队，严密监视防备他们，使汉人和胡人彼此安居，虽然百姓疲弊、耗资巨大，却也仍不失为中策；像现在这样将他们安置在河曲之地，乃是下策。希望陛下仔细研究这上中下三策，选择最为有利的计策去实施，纵使这些人中有人因不愿迁徙而逃亡，但服从迁徙命令的人都可以成为我大唐的子民；倘若迁延不决，拖到黄河结冰的季节，臣担心会发生非常之变。”
朔方道,薛讷,唐玄宗命令朔方道大总管薛讷调集军队追击叛逃的胡人
并州,王晙,王晙也率领并州的官军西渡黄河，昼夜兼程，追击叛逃的胡人并打败了他们，共斩敌首三千级
黄河,张知运,单于副都护张知运收缴了归降胡人的所有兵器，命令他们南渡黄河
青刚岭,张知运,张知运事先没有防备，与叛军在青刚岭仓猝交战，兵败被俘
绥州,郭知运,胡人行至绥州境内时，将军郭知运率领朔方军截击胡人，在黑山呼延谷大破胡人
桥陵,李杰,庚午（二十八日），将大圣皇帝安葬在桥陵，庙号为睿宗。御史大夫李杰总领桥陵的修建工程
衢州,李杰,李杰审查他，反为王旭所诬陷，被玄宗降职为衢州刺史
黄门监,卢怀慎,卢怀慎病情危急，向玄宗上表推荐宋璟、李杰、李朝隐、卢从愿四人，称赞他们都是太平盛世不可多得的杰出人才，认为他们所犯的过错小，贬黜他们，使朝廷受到的损失大，恳求玄宗对他们给予爱惜和重用。唐玄宗很同意这一建议并予以采纳。卢怀慎去世，家中没有任何余财，只有一位老仆人，请求将自己卖掉换钱为他办丧事。
唐朝,唐玄宗,唐玄宗任命尚书左丞源乾曜为黄门侍郎、同平章事。
罔极寺,姚崇,姚崇自己没有住宅，寓居在罔极寺中，因身患疟疾向玄宗请假，玄宗屡次派使者询问他的日常饮食起居状况，每日竟达数十次之多。源乾曜上奏言事时，每当他的回答符合玄宗的旨意，玄宗总是说：“这一定是姚崇的主意。”如果有时的回答不符合玄宗的旨意，玄宗就说：“你为什么不事先与姚崇商量一下呢！”源乾曜也常常向玄宗道歉，承认确实是如此。朝中一有大事，玄宗就要让源乾曜到罔极寺询问姚崇的意见。癸卯（疑误），源乾曜请求将姚崇从罔极寺搬到四方馆居住，并准许他的家属入馆照料他的病，玄宗答应了这个要求。姚崇认为四方馆内存有官署的文书，不是病人应当居住的地方，因此坚决推辞。唐玄宗对他说：“设置四方馆本来就是为官员服务的；朕安排您住进来，是为国家考虑。朕恨不得让您住到宫里，您还有什么可推辞的呢！”
京城,姚崇,姚崇的两个儿子光禄少卿姚彝和宗正少卿姚异，平日广交宾客，收受了许多礼物，受到当时人们的非议。主书赵诲受到姚崇的亲近信任，他接受胡人的贿赂被发觉，玄宗亲自审讯，罪当处以死刑，姚崇出面营救，唐玄宗因此不高兴。恰巧赶上因特殊情况赦免京城的在押罪犯，唐玄宗在赦免敕书中专门标出赵诲的名字，另处以杖刑一百，并流放岭南。姚崇因此而感到担心和恐惧，便屡次请求辞去宰相职务，推荐广州都督宋璟代替自己为相。
东都洛阳,唐玄宗,唐玄宗将要到东都洛阳，任命宋璟为刑部尚书、西京留守，令他日夜兼程赶赴京城，并派内侍、将军杨思勖前去迎接。
骊山温泉,唐玄宗,唐玄宗来到骊山温泉。
宫中,唐玄宗,唐玄宗回到宫中。
京城,宋璟,宋璟作宰相，致力于选拔人才，根据才能的不同授予相应的官职，使文武百官人人称职；宋璟行赏施罚不徇私情，对皇帝也敢于犯颜直谏。
唐朝,突厥可汗默啜,突厥可汗默啜自武则天时期开始，就对唐朝构成极大威胁，朝廷为此废寝忘食，用尽了全国的人力物力，却始终不能制服他；所以大武军小将郝灵荃得到了默啜的首级，便自认为立下了盖世奇功。宋璟认为天子喜好军武之功，担心好事之徒存侥幸之心刻意邀功，便极力阻抑对郝灵荃的封赏，事过一年才给了他一个郎将的官，郝灵荃极度伤心，痛哭而死。
唐朝,宋璟,宋璟与苏颋相处得很好，苏颋遇事多谦让宋璟，宋璟每提出什么意见，苏颋也尽力襄助。宋璟曾对人说：“我与苏氏父子都一起担任过宰相，苏緕仆射为人宽厚，实在是国家不可多得的人才，但在对朝政提出建议以及处理政务的精敏程度方面，苏颋则超过他的父亲。”
唐朝,姚崇和宋璟,姚崇和宋相继为相，姚崇擅长随机应变以圆满地完成任务，宋璟则擅长遵守成法坚持正道；两个人的志向操守不同，却能同心协力辅佐玄宗，使得这个时期赋役宽平，刑罚清省，百姓富庶。在唐一代的贤相中，前有贞观朝的房玄龄和杜如晦，后有开元朝的姚崇和宋璟，其他的人，则无法与此四人相提并论。姚崇与宋璟进见时，唐玄宗常常要站起来迎接，他们离开时，唐玄宗便要在殿前相送。等到李林甫作宰相时，虽然受到的宠信超过了姚崇和宋璟，但得到的礼遇就太微薄了。这一时期的紫微舍人高仲舒博《通典》籍，齐浣则通达时务，姚崇和宋璟每有疑难问题，都要向高仲舒和齐浣征求意见，得到满意的答复之后感叹道：“想了解往古之制，可以向高君请教，想知道当今之事，可以向齐君请教，这样，处理政事就不会出现差错了！”
唐朝,唐玄宗,辛丑（三十日），唐玄宗下诏废除十道按察使。
唐朝,玄宗,朝廷旧制规定：六品以下职事官的任命，均由尚书省拟出具体意见上奏皇帝，从这一年开始，玄宗下令将六品以下职事官中的员外郎、御史、起居郎、拾遗、补阙的任命改由皇帝亲自负责，不再由尚书省奏拟。
太庙,唐玄宗,太庙中有四室倒塌，唐玄宗为此身着丧服，离开正殿，到别的殿堂办公。
东都洛阳,唐玄宗,唐玄宗正准备到东都洛阳去，便向宋璟和苏颋征求意见。
太极殿,唐玄宗,唐玄宗在太极殿行祭祀大礼，并命令姚崇五日朝见一次，仍然像以往一样入内殿供奉。
崤谷,唐玄宗,玄宗启程前往东都，东驾经过崤谷时，发现那里道路狭窄没有得到很好的维护。
东都,唐玄宗,二月，甲戌（初三），玄宗抵达东都，下诏大赦天下。
营州,唐玄宗,奚、契丹二族归附朝廷之后，贝州刺史宋庆礼建议玄宗重设营州。三月，庚戌（初十），唐玄宗颁布制命，重新在柳城设置营州都督，兼平卢军使，境内所辖州县戍所均与过去相同。
唐,唐玄宗,唐玄宗将奚王李大酺之妃辛氏赐号为固安公主
唐,李嗣一,玄宗之子李嗣一去世，玄宗下诏追立他为夏王，赠谥号为悼
大唐边地,苏禄,突骑施酋长左羽林大将军苏禄的部众日益强大，虽然仍按时纳贡，并无怠慢之处，但内心里已经萌发了入侵大唐边地的志向
唐,姜皎,唐玄宗任命姜晦为宗正卿，并颁布制命说：“西汉高祖时的开国将领，皆因权力太重而无法保全身家性命；东汉光武帝时的南阳故友，则因优闲无事而长保福禄。姜皎应放弃职务，回到自家的田园中去，他原有的散官、勋官和封爵均保持不变。”
九曲之地,郭知运,唐陇右节度使郭知运在九曲之地大败吐蕃军队
安西四镇,汤嘉惠,唐安西都护府副大都护汤嘉惠上奏，说突骑施勾结大食、吐蕃，策划袭取安西四镇，并包围了钵换和大石城，现已调集三姓葛逻禄的军队与十姓可汗阿史那献一同抗击来犯之敌
并州,张嘉贞,并州长史张嘉贞进言道：“新近归降的突厥九姓部众，均散居在太原以北地区，请朝廷在这一带驻扎重兵以便震慑他们。”辛酉（二十四日），玄宗下令在并州设置天兵军，共集结了八万人马；任命张嘉贞为天兵军大使
唐,王仁惠,太常寺少卿王仁惠等人奏称武则天所立明堂不符合古制，还说明堂所崇尚的是古朴典雅，现在却穷奢极侈，而且靠近宫殿，神明与俗人互相混杂干扰。甲子（二十七日），玄宗颁布制命，又将明堂改为乾元殿，皇帝每年冬至和正月初一在此接受群臣朝贺，每年农历九月的祭祀大典又到圜丘举行
中书省、门下省,玄宗,玄宗决定恢复中书省、门下省及侍中等官的旧称
正衙,诸司,诸司奏事均在正衙，御史弹劾百官时，必须头戴獬豸冠，对着皇帝的仪仗朗读弹劾的奏表
皇帝御坐之前,许敬宗、李义府,许敬宗、李义府执政时期，朝政多隐秘策划、邪僻不正，官员奏事大多是等仪仗撤下后，屏退左右，在皇帝御坐之前秘密进行的
皇帝仪仗,谏官和史官,谏官和史官也是随皇帝仪仗一同退出的，至于仪仗撤下以后发生的事，则无从得知
朝廷,宋璟,宋璟作宰相以后，想恢复贞观时期的制度
朝廷,唐玄宗,唐玄宗发布制命：“从今以后，凡事如果不是必须保密的，一律对仗奏闻，史官也要按贞观时的旧例加以记录。”
伊阙,孙平子,孙平子进言道：“《春秋》曾讽刺鲁文公将其父鲁僖公之位升到闵公之上为非礼；现在陛下为了在太庙中供奉睿宗而将中宗的神主迁到别的庙里，实际上与鲁国的情形完全相同。
太庙,唐玄宗,新的太庙落成。戊寅（十二日），将祖先的神位迁入太庙。
唐朝,宋璟和苏颋,唐玄宗让宋璟和苏颋为各位皇子及其所受封的国邑拟定名号，又让他们二人另外再拟定一个佳名和佳邑号进献。
唐朝,契丹王李失活,十一月，丙申（疑误），契丹王李失活入朝谒见玄宗。十二月，壬午（十七日），玄宗封东平王李续的外孙女杨氏为永乐公主，将她许配给李失活为妻。
秘书省,马怀素,秘书监马怀素向玄宗上奏道：“秘书省所藏文献典籍散乱缺误的现象十分严重，希望陛下挑选二十位精于学术的士人加以整理、排比、校正、补遗。”
乾元殿,尹知章、桑泉尉韦述等二十人,于是下令搜求寻访散佚的文献典籍，并挑选书吏一一缮写，命国子博士尹知章、桑泉尉韦述等二十人共同校正错误，并任命了左散骑常侍褚无量主持此事，在乾元殿殿前进行这项大规模编校群书的工作。
